<?xml version="1.0" encoding="UTF-8"?>
<!DOCTYPE Configuration>

<Configuration status="OFF">
	<Appenders>
		<Console name="STDOUT" target="SYSTEM_OUT">
			<PatternLayout pattern="%d{HH:mm:ss,SSS} (%p) [%l] -> %m%n"/>
		</Console>
		<!--
		<File name="FileLogger" fileName="/apache-tomcat-7.0.47/logs/popopa.log" append="false"> 
			<PatternLayout pattern="%d{HH:mm:ss,SSS} (%p) [%l] -> %m%n"/> 
		</File>
		<RollingFile name="RollingFile" fileName="/apache-tomcat-7.0.47/logs/popopa.log" filePattern="/apache-tomcat-7.0.47/logs/popopa-%d{yyyy-MM-dd}.log.gz"  ignoreExceptions="false">
			<PatternLayout>
				<Pattern>%d{HH:mm:ss,SSS} (%p) [%l] -> %m%n</Pattern>
			</PatternLayout>
			<TimeBasedTriggeringPolicy />
		</RollingFile>
		-->
	</Appenders>

	<Loggers>
		<Root level="info"> 
			<AppenderRef ref="STDOUT"/>
		</Root>
		<Logger name="org.apache.ibatis" level="error" additivity="false">
			<AppenderRef ref="STDOUT"/>
		</Logger>
	</Loggers>
</Configuration>